ID,F_BUS,T_BUS,PF,PT,TYPE,TAP
E1,1,2,38.60822915653255,36.54534971341353,E,1.0
E2,1,3,46.11856312594053,43.5061083771967,E,1.0
E3,2,3,6.545349713411648,6.493891622787587,E,1.0
L2,2,0,50.0,50.0,L,1.0
L3,3,0,50.0,50.0,L,1.0
G1,0,1,84.72679228247308,84.72679228247308,G,1.0
G2,0,2,20.0,20.0,G,1.0
